-- phpMyAdmin SQL Dump
-- version 5.1.1
-- https://www.phpmyadmin.net/
--
-- Host: 127.0.0.1
-- Generation Time: Apr 17, 2024 at 12:30 AM
-- Server version: 10.4.21-MariaDB
-- PHP Version: 8.0.12

SET SQL_MODE = "NO_AUTO_VALUE_ON_ZERO";
START TRANSACTION;
SET time_zone = "+00:00";


/*!40101 SET @OLD_CHARACTER_SET_CLIENT=@@CHARACTER_SET_CLIENT */;
/*!40101 SET @OLD_CHARACTER_SET_RESULTS=@@CHARACTER_SET_RESULTS */;
/*!40101 SET @OLD_COLLATION_CONNECTION=@@COLLATION_CONNECTION */;
/*!40101 SET NAMES utf8mb4 */;

--
-- Database: `digitalibrary`
--

-- --------------------------------------------------------

--
-- Table structure for table `buku`
--

CREATE TABLE `buku` (
  `BukuID` int(11) NOT NULL,
  `Judul` varchar(255) DEFAULT NULL,
  `Penulis` varchar(255) DEFAULT NULL,
  `Penerbit` varchar(255) DEFAULT NULL,
  `TahunTerbit` int(11) DEFAULT NULL
) ENGINE=InnoDB DEFAULT CHARSET=utf8mb4;

--
-- Dumping data for table `buku`
--

INSERT INTO `buku` (`BukuID`, `Judul`, `Penulis`, `Penerbit`, `TahunTerbit`) VALUES
(1, 'Sikancil', 'Mail', 'Mailhamzah', 2004),
(2, 'Siberuang', 'jiko', 'jikocom', 2016),
(3, 'IQJongkok', 'Babe', 'Badanbebek', 2012);

-- --------------------------------------------------------

--
-- Table structure for table `kategoribuku`
--

CREATE TABLE `kategoribuku` (
  `KategoriID` int(11) NOT NULL,
  `NamaKategori` varchar(255) DEFAULT NULL
) ENGINE=InnoDB DEFAULT CHARSET=utf8mb4;

--
-- Dumping data for table `kategoribuku`
--

INSERT INTO `kategoribuku` (`KategoriID`, `NamaKategori`) VALUES
(1, 'Fiksi'),
(2, 'Fabel'),
(3, 'Comedy');

-- --------------------------------------------------------

--
-- Table structure for table `kategoribuku_relasi`
--

CREATE TABLE `kategoribuku_relasi` (
  `KategoriBukuID` int(11) NOT NULL,
  `BukuID` int(11) NOT NULL,
  `KategoriID` int(11) NOT NULL
) ENGINE=InnoDB DEFAULT CHARSET=utf8mb4;

--
-- Dumping data for table `kategoribuku_relasi`
--

INSERT INTO `kategoribuku_relasi` (`KategoriBukuID`, `BukuID`, `KategoriID`) VALUES
(1, 1, 1),
(2, 2, 2),
(3, 3, 3);

-- --------------------------------------------------------

--
-- Table structure for table `koleksipribadi`
--

CREATE TABLE `koleksipribadi` (
  `KoleksiID` int(11) NOT NULL,
  `UserID` int(11) NOT NULL,
  `BukuID` int(11) NOT NULL
) ENGINE=InnoDB DEFAULT CHARSET=utf8mb4;

--
-- Dumping data for table `koleksipribadi`
--

INSERT INTO `koleksipribadi` (`KoleksiID`, `UserID`, `BukuID`) VALUES
(1, 4, 2);

-- --------------------------------------------------------

--
-- Table structure for table `peminjaman`
--

CREATE TABLE `peminjaman` (
  `PeminjamanID` int(11) NOT NULL,
  `UserID` int(11) NOT NULL,
  `BukuID` int(11) NOT NULL,
  `TanggalPeminjaman` date DEFAULT NULL,
  `TanggalPengembalian` date DEFAULT NULL,
  `StatusPeminjaman` varchar(50) DEFAULT NULL
) ENGINE=InnoDB DEFAULT CHARSET=utf8mb4;

--
-- Dumping data for table `peminjaman`
--

INSERT INTO `peminjaman` (`PeminjamanID`, `UserID`, `BukuID`, `TanggalPeminjaman`, `TanggalPengembalian`, `StatusPeminjaman`) VALUES
(1, 4, 2, '2024-03-16', '2024-03-16', 'Sudah di Kembalikan'),
(2, 6, 3, '2024-03-16', '2024-03-16', 'Sudah di Kembalikan'),
(3, 6, 2, '2024-03-16', '2024-03-16', 'Sudah di Kembalikan');

-- --------------------------------------------------------

--
-- Table structure for table `ulasanbuku`
--

CREATE TABLE `ulasanbuku` (
  `UlasanID` int(11) NOT NULL,
  `UserID` int(11) NOT NULL,
  `BukuID` int(11) NOT NULL,
  `Ulasan` text DEFAULT NULL,
  `Rating` int(11) DEFAULT NULL
) ENGINE=InnoDB DEFAULT CHARSET=utf8mb4;

-- --------------------------------------------------------

--
-- Table structure for table `users`
--

CREATE TABLE `users` (
  `UserID` int(11) NOT NULL,
  `Username` varchar(255) DEFAULT NULL,
  `Password` varchar(255) DEFAULT NULL,
  `Email` varchar(255) DEFAULT NULL,
  `NamaLengkap` varchar(255) DEFAULT NULL,
  `Alamat` text DEFAULT NULL,
  `Role` enum('Administrator','Petugas','Peminjam') DEFAULT NULL
) ENGINE=InnoDB DEFAULT CHARSET=utf8mb4;

--
-- Dumping data for table `users`
--

INSERT INTO `users` (`UserID`, `Username`, `Password`, `Email`, `NamaLengkap`, `Alamat`, `Role`) VALUES
(1, 'admin', '$2y$10$QHOygX0mw4ApPok/UNuNee5mXMOdAUPbL9IPzDTsL42y4sQK//BJ.', 'admin@gmail.com', 'Administrator Pertama', 'Kiarapayung', 'Administrator'),
(3, 'hizkia', '$2y$10$da7Y7oxCxuuOuxqQeL7l/Ojf3LDOy4AXMWo7sT8iViEPzxILhst4u', 'hizkia@gmail.com', 'Hizkia123', 'baleendah', 'Petugas'),
(4, 'Peminjam1', '$2y$10$OvZdnmsWEbepuM38VB1cB.nW1MWfWB79U/YBVXWUv2Sbu6L995wlm', 'peminjam1@gmail.com', 'Peminjam', 'cigondewa', 'Peminjam'),
(5, 'summer', '$2y$10$VGM5jKh9dn5FHDxw.DuyvebYHW1QLifABX/hm9vxptXlsHYdFg3aq', 'sharrensummer@gmail.com', 'Summerxu', 'Srimahi', 'Petugas'),
(6, 'peminjam2', '$2y$10$5ZSHcFq.VW6h1sarPWOjMeL.h/p82M3oc5cEVfGlmB0carNtMddqm', 'peminjam2@gmail.com', 'peminjam2', 'koram', 'Peminjam');

--
-- Indexes for dumped tables
--

--
-- Indexes for table `buku`
--
ALTER TABLE `buku`
  ADD PRIMARY KEY (`BukuID`);

--
-- Indexes for table `kategoribuku`
--
ALTER TABLE `kategoribuku`
  ADD PRIMARY KEY (`KategoriID`);

--
-- Indexes for table `kategoribuku_relasi`
--
ALTER TABLE `kategoribuku_relasi`
  ADD PRIMARY KEY (`KategoriBukuID`),
  ADD KEY `BukuID` (`BukuID`),
  ADD KEY `KategoriID` (`KategoriID`);

--
-- Indexes for table `koleksipribadi`
--
ALTER TABLE `koleksipribadi`
  ADD PRIMARY KEY (`KoleksiID`),
  ADD KEY `UserID` (`UserID`),
  ADD KEY `BukuID` (`BukuID`);

--
-- Indexes for table `peminjaman`
--
ALTER TABLE `peminjaman`
  ADD PRIMARY KEY (`PeminjamanID`),
  ADD KEY `UserID` (`UserID`),
  ADD KEY `BukuID` (`BukuID`);

--
-- Indexes for table `ulasanbuku`
--
ALTER TABLE `ulasanbuku`
  ADD PRIMARY KEY (`UlasanID`),
  ADD KEY `UserID` (`UserID`),
  ADD KEY `BukuID` (`BukuID`);

--
-- Indexes for table `users`
--
ALTER TABLE `users`
  ADD PRIMARY KEY (`UserID`),
  ADD UNIQUE KEY `Username` (`Username`);

--
-- AUTO_INCREMENT for dumped tables
--

--
-- AUTO_INCREMENT for table `buku`
--
ALTER TABLE `buku`
  MODIFY `BukuID` int(11) NOT NULL AUTO_INCREMENT, AUTO_INCREMENT=4;

--
-- AUTO_INCREMENT for table `kategoribuku`
--
ALTER TABLE `kategoribuku`
  MODIFY `KategoriID` int(11) NOT NULL AUTO_INCREMENT, AUTO_INCREMENT=4;

--
-- AUTO_INCREMENT for table `kategoribuku_relasi`
--
ALTER TABLE `kategoribuku_relasi`
  MODIFY `KategoriBukuID` int(11) NOT NULL AUTO_INCREMENT, AUTO_INCREMENT=4;

--
-- AUTO_INCREMENT for table `koleksipribadi`
--
ALTER TABLE `koleksipribadi`
  MODIFY `KoleksiID` int(11) NOT NULL AUTO_INCREMENT, AUTO_INCREMENT=4;

--
-- AUTO_INCREMENT for table `peminjaman`
--
ALTER TABLE `peminjaman`
  MODIFY `PeminjamanID` int(11) NOT NULL AUTO_INCREMENT, AUTO_INCREMENT=4;

--
-- AUTO_INCREMENT for table `ulasanbuku`
--
ALTER TABLE `ulasanbuku`
  MODIFY `UlasanID` int(11) NOT NULL AUTO_INCREMENT;

--
-- AUTO_INCREMENT for table `users`
--
ALTER TABLE `users`
  MODIFY `UserID` int(11) NOT NULL AUTO_INCREMENT, AUTO_INCREMENT=7;

--
-- Constraints for dumped tables
--

--
-- Constraints for table `kategoribuku_relasi`
--
ALTER TABLE `kategoribuku_relasi`
  ADD CONSTRAINT `kategoribuku_relasi_ibfk_1` FOREIGN KEY (`BukuID`) REFERENCES `buku` (`BukuID`) ON DELETE CASCADE,
  ADD CONSTRAINT `kategoribuku_relasi_ibfk_2` FOREIGN KEY (`KategoriID`) REFERENCES `kategoribuku` (`KategoriID`) ON DELETE CASCADE;

--
-- Constraints for table `koleksipribadi`
--
ALTER TABLE `koleksipribadi`
  ADD CONSTRAINT `koleksipribadi_ibfk_1` FOREIGN KEY (`UserID`) REFERENCES `users` (`UserID`) ON DELETE CASCADE,
  ADD CONSTRAINT `koleksipribadi_ibfk_2` FOREIGN KEY (`BukuID`) REFERENCES `buku` (`BukuID`) ON DELETE CASCADE;

--
-- Constraints for table `peminjaman`
--
ALTER TABLE `peminjaman`
  ADD CONSTRAINT `peminjaman_ibfk_1` FOREIGN KEY (`UserID`) REFERENCES `users` (`UserID`) ON DELETE CASCADE,
  ADD CONSTRAINT `peminjaman_ibfk_2` FOREIGN KEY (`BukuID`) REFERENCES `buku` (`BukuID`) ON DELETE CASCADE;

--
-- Constraints for table `ulasanbuku`
--
ALTER TABLE `ulasanbuku`
  ADD CONSTRAINT `ulasanbuku_ibfk_1` FOREIGN KEY (`UserID`) REFERENCES `users` (`UserID`) ON DELETE CASCADE,
  ADD CONSTRAINT `ulasanbuku_ibfk_2` FOREIGN KEY (`BukuID`) REFERENCES `buku` (`BukuID`) ON DELETE CASCADE;
COMMIT;

/*!40101 SET CHARACTER_SET_CLIENT=@OLD_CHARACTER_SET_CLIENT */;
/*!40101 SET CHARACTER_SET_RESULTS=@OLD_CHARACTER_SET_RESULTS */;
/*!40101 SET COLLATION_CONNECTION=@OLD_COLLATION_CONNECTION */;
